{
    "type": "origins:action_on_wake_up",
    "name": "...and Bloom",
    "description": "A good night's sleep under the stars feels refreshing.",
    "entity_action": {
        "type": "origins:apply_effect",
        "effects": [
            {
                "effect": "minecraft:regeneration",
                "duration": 100,
                "amplifier": 1,
                "is_ambient": true,
                "show_particles": true,
                "show_icon": true
            }
        ]
    },
    "block_condition": {
        "type": "origins:exposed_to_sky"
    }
}
